Date,Open,High,Low,Close,Volume,Dividends,Stock Splits
2023-01-03,14.81807613433421,14.96275513554216,14.06474980589438,14.28326416015625,401277000,0.0,0.0
2023-01-04,14.534707135089699,14.82007240780384,14.209429623973994,14.716302871704102,431324000,0.0,0.0
2023-01-05,14.458874351118146,14.53171246808561,14.116634353930149,14.233375549316406,389168000,0.0,0.0
2023-01-06,14.44191076025438,14.976722686175162,14.00288666985135,14.826057434082031,405044000,0.0,0.0
2023-01-09,15.25011511747284,16.020402921173815,15.107431553171974,15.593352317810059,504231000,0.0,0.0
2023-01-10,15.472621454131234,15.926612657782302,15.437699200244237,15.873730659484863,384101000,0.0,0.0
2023-01-11,15.804881372380587,15.992464284529852,15.528495081310508,15.965523719787598,353285000,0.0,0.0
2023-01-12,16.064305755567425,16.60011394726638,15.457652972865747,16.474393844604492,551409000,0.0,0.0
2023-01-13,16.24191245912775,16.884485751855593,16.129164009129322,16.861536026000977,447287000,0.0,0.0
2023-01-17,16.861534824609727,17.68869739083552,16.861534824609727,17.66275405883789,511102000,0.0,0.0
2023-01-18,17.627830325283927,17.83337297862017,17.243683680111356,17.33847427368164,439624000,0.0,0.0
2023-01-19,16.9982261040619,17.158870328406007,16.693903966162893,16.727827072143555,452932000,0.0,0.0
2023-01-20,16.973286475081306,17.816414337109105,16.787699916065623,17.79945182800293,564967000,0.0,0.0
2023-01-23,18.0239511412495,19.202334514054723,17.77849813911899,19.150449752807617,655163000,0.0,0.0
2023-01-24,18.785255740944123,19.45177579883952,18.778271292054193,19.2222843170166,496204000,0.0,0.0
2023-01-25,18.871068158440618,19.3270556760891,18.538806268911344,19.28015899658203,449537000,0.0,0.0
2023-01-26,19.657320791237296,20.121289984084356,19.235258296776955,19.75809669494629,489535000,0.0,0.0
2023-01-27,19.418849333138702,20.582264478452693,19.361976503519905,20.319847106933594,542142000,0.0,0.0
2023-01-30,19.905771381530464,20.095348779096263,19.107543848870183,19.119518280029297,488611000,0.0,0.0
2023-01-31,19.127497873404206,19.64335181995639,18.907986325068734,19.493684768676758,498017000,0.0,0.0
2023-02-01,19.647345080075983,21.145016818201913,19.567522516028927,20.896570205688477,660477000,0.0,0.0
2023-02-02,20.953441855430544,21.900337276933485,20.65410773302951,21.660869598388672,564276000,0.0,0.0
2023-02-03,20.95344207269312,21.696791212168588,20.74290942748652,21.053220748901367,429366000,0.0,0.0
2023-02-06,20.759872338931974,21.522178471104034,20.739916222678673,21.042245864868164,452197000,0.0,0.0
2023-02-07,21.334595540764557,22.209652016752774,21.10310954039303,22.123842239379883,664150000,0.0,0.0
2023-02-08,22.33736312232844,22.827275613569224,21.959203722842762,22.1557674407959,559651000,0.0,0.0
2023-02-09,22.555885970462455,22.96896773808155,22.07096331622083,22.2874813079834,523876000,0.0,0.0
2023-02-10,21.641916327173853,22.02905476040814,20.764865257149385,21.217857360839844,550737000,0.0,0.0
2023-02-13,21.49024697725974,21.99911645552033,20.91552384659178,21.73969268798828,474919000,0.0,0.0
2023-02-14,21.53015220220584,22.99789108641505,21.318622396180945,22.92006492614746,675474000,0.0,0.0
2023-02-15,22.499008003095835,22.804329348665444,22.056991258302702,22.713531494140625,420575000,0.0,0.0
2023-02-16,22.08393046172455,22.500005788164945,21.878387788866807,21.953222274780273,412026000,0.0,0.0
2023-02-17,21.58304317749563,21.691800771351655,20.92849743532747,21.3405818939209,465888000,0.0,0.0
2023-02-21,20.953439640659408,21.446343845986352,20.57228662621733,20.60920524597168,410015000,0.0,0.0
2023-02-22,20.661093956622445,21.05721318053683,20.37572680694439,20.707988739013672,513184000,0.0,0.0
2023-02-23,23.388033612605756,23.8350403425162,22.973952761903,23.611536026000977,1117995000,0.0,0.0
2023-02-24,23.17350751127071,23.421955993730073,22.89612399551086,23.234371185302734,589716000,0.0,0.0
2023-02-27,23.61751850763343,23.827051978192486,23.401997822738508,23.44889259338379,452994000,0.0,0.0
2023-02-28,23.320184085898383,23.772180806302725,23.15455174201123,23.16452980041504,455963000,0.0,0.0
2023-03-01,23.140580708274207,23.204439895549427,22.45809718193452,22.647676467895508,460026000,0.0,0.0
2023-03-02,22.438148550640456,23.328169423400574,22.382271034207484,23.26231575012207,389415000,0.0,0.0
2023-03-03,23.26830010651087,23.847014191551843,23.078720796703625,23.8370361328125,412393000,0.0,0.0
2023-03-06,23.83803229096399,24.19423923751773,23.43492676138987,23.501779556274414,437429000,0.0,0.0
2023-03-07,23.551679757416153,24.07560444760807,23.19341364689186,23.240318298339844,515154000,0.004,0.0
2023-03-08,23.438907679098733,24.150448993437568,23.37603695159869,24.131486892700195,513573000,0.0,0.0
2023-03-09,24.125495162678536,24.403925077094488,23.335117154225923,23.388010025024414,501257000,0.0,0.0
2023-03-10,23.36107330895794,23.578627391554743,22.679471105160694,22.91798210144043,474866000,0.0,0.0
2023-03-13,22.705413316762304,23.250294843227117,22.25134506080111,22.918973922729492,421890000,0.0,0.0
2023-03-14,23.447888767567775,24.169407892174178,23.411961279895785,24.01372718811035,474910000,0.0,0.0
2023-03-15,23.71234578983034,24.236270399989948,23.31216782093887,24.178390502929688,524486000,0.0,0.0
2023-03-16,23.97780109757633,25.535603606038674,23.845072112678007,25.48870086669922,583253000,0.0,0.0
2023-03-17,25.928800789668877,26.34494677671912,25.615442640620632,25.672327041625977,848547000,0.0,0.0
2023-03-20,25.56255140531931,25.970714347329455,25.07854386503028,25.846967697143555,432747000,0.0,0.0
2023-03-21,26.126398838719393,26.337964679003704,25.329034940797325,26.14535903930664,547408000,0.0,0.0
2023-03-22,26.37088997719431,27.532507969585293,26.183275210273973,26.413803100585938,797295000,0.0,0.0
2023-03-23,27.059479880369732,27.442694389660254,26.635350859477686,27.135324478149414,564889000,0.0,0.0
2023-03-24,26.975655534647398,27.11137676176223,26.301039016509158,26.724170684814453,454920000,0.0,0.0
2023-03-27,26.782050151047695,26.944716509158773,26.3110164665487,26.47667694091797,361026000,0.0,0.0
2023-03-28,26.392849502534016,26.45871435039119,25.7970717555382,26.355924606323242,356104000,0.0,0.0
2023-03-29,26.770074250919894,27.02255456693602,26.542540461107045,26.928747177124023,393694000,0.0,0.0
2023-03-30,27.17324699449219,27.44269460926943,27.04650622795167,27.32693099975586,364516000,0.0,0.0
2023-03-31,27.084430325748205,27.777009606558664,27.04950214041425,27.72012710571289,433933000,0.0,0.0
2023-04-03,27.45267583533266,27.942669731519793,27.28002971948546,27.90774154663086,398716000,0.0,0.0
2023-04-04,27.908733850028394,27.942664624417038,27.25108288313044,27.39678382873535,368592000,0.0,0.0
2023-04-05,26.774062779224042,26.942715439128293,26.340951464980066,26.825956344604492,515015000,0.0,0.0
2023-04-06,26.529562651009662,27.024547263842212,26.37288455652641,26.98163604736328,397654000,0.0,0.0
2023-04-10,26.768080783046805,27.56444724045996,26.61439676276979,27.522533416748047,395279000,0.0,0.0
2023-04-11,27.66723481289394,27.7330996597478,27.070457767266205,27.113370895385742,314378000,0.0,0.0
2023-04-12,27.31395651647884,27.4117554199044,26.39384357131544,26.44074821472168,446259000,0.0,0.0
2023-04-13,26.67925848324337,26.83194507729408,26.275088982964736,26.4088134765625,353615000,0.0,0.0
2023-04-14,26.449729310820583,26.82795296952223,26.166310441978037,26.703208923339844,395660000,0.0,0.0
2023-04-17,26.510608881587505,26.950705921949755,26.378879181117764,26.946714401245117,321471000,0.0,0.0
2023-04-18,27.476625156577658,28.05244337278638,27.30098493529646,27.610349655151367,604812000,0.0,0.0
2023-04-19,27.304973482039863,27.942664953460447,27.176237922113327,27.87380599975586,358660000,0.0,0.0
2023-04-20,27.614340416338198,27.972606485594795,26.944714827313312,27.04850196838379,427713000,0.0,0.0
2023-04-21,26.896809179807708,27.12733705203514,26.667280615099155,27.063467025756836,345103000,0.0,0.0
2023-04-24,26.957689535565127,27.309965480209698,26.61638884445198,26.986629486083984,339282000,0.0,0.0
2023-04-25,27.022557264988468,27.191211864022204,26.17130503524893,26.187271118164062,378527000,0.0,0.0
2023-04-26,26.946709851264895,27.27403733509567,26.65031712353252,26.900802612304688,406337000,0.0,0.0
2023-04-27,27.30697619433551,27.438705899036655,26.57048635253724,27.170255661010742,377161000,0.0,0.0
2023-04-28,27.169255299832017,27.701162985929276,27.015569392110717,27.692182540893555,292216000,0.0,0.0
2023-05-01,27.782994624988884,28.998501044313812,27.7231180146928,28.85080337524414,570329000,0.0,0.0
2023-05-02,28.621273856351937,28.776954560836412,28.025496178380074,28.15223503112793,402730000,0.0,0.0
2023-05-03,27.782995617159955,28.30891697061435,27.415749094927655,27.745073318481445,383387000,0.0,0.0
2023-05-04,27.594376467675538,27.801950716388607,27.184218797378904,27.50555992126465,321850000,0.0,0.0
2023-05-05,27.76902351276572,28.696120235561477,27.67421872062941,28.621274948120117,361494000,0.0,0.0
2023-05-08,28.463594976478973,29.160165639021326,28.291948200428276,29.091306686401367,344979000,0.0,0.0
2023-05-09,28.839828282414175,28.913676170511692,28.3917482221622,28.51249885559082,314869000,0.0,0.0
2023-05-10,28.94560847700235,29.053389041510602,28.402723651406696,28.825855255126953,369350000,0.0,0.0
2023-05-11,28.83682744408101,28.89071771705159,28.188158877578264,28.51947784423828,322149000,0.0,0.0
2023-05-12,28.47058123775665,28.72106862682804,27.988570462268328,28.28196907043457,274222000,0.0,0.0
2023-05-15,28.449626392092515,28.90968288930767,28.09435634331566,28.893714904785156,293926000,0.0,0.0
2023-05-16,28.78194306415263,29.808837256233236,28.772962619924,29.153181076049805,449405000,0.0,0.0
2023-05-17,29.52342540212538,30.13716594058163,29.369741392303435,30.116209030151367,432535000,0.0,0.0
2023-05-18,30.347734802848134,31.762830690352914,30.25791892725925,31.61313819885254,748725000,0.0,0.0
2023-05-19,31.47142600851462,31.51533653819643,30.852696589930833,31.199983596801758,473908000,0.0,0.0
2023-05-22,30.837727010931786,31.455460948812917,30.617180758045432,31.112165451049805,372000000,0.0,0.0
2023-05-23,30.936523538862662,31.22393392865523,30.568279631249496,30.62516212463379,356253000,0.0,0.0
2023-05-24,30.14814019154648,30.54432854642124,29.74496810397816,30.4754695892334,721419000,0.0,0.0
2023-05-25,38.44411669724596,39.39915781484461,36.559982197378055,37.90222930908203,1543911000,0.0,0.0
2023-05-26,37.81241541975771,39.08979325980009,37.47311145513567,38.86625289916992,714397000,0.0,0.0
2023-05-30,40.5118797580755,41.85212836748926,39.86720258532556,40.02886962890625,923401000,0.0,0.0
2023-05-31,39.40714336242504,40.21249015793831,37.74455429743757,37.75653076171875,1002580000,0.0,0.0
2023-06-01,38.410192719285774,39.967997415586815,38.26149953067262,39.68857192993164,635873000,0.0,0.0
2023-06-02,40.01489905431234,40.41707376526735,38.97802500871207,39.24647521972656,482731000,0.0,0.0
2023-06-05,38.82932905392205,39.48398404045427,38.627743010740026,39.09079360961914,396094000,0.0,0.0
2023-06-06,38.75049794421731,39.07982029424169,38.06989131464503,38.57485580444336,388729000,0.0,0.0
2023-06-07,38.8393365135724,39.42220064737449,37.28336583715142,37.40213394165039,511998000,0.004,0.0
2023-06-08,37.650656098499375,38.78843910356959,37.43208391857247,38.43512725830078,417772000,0.0,0.0
2023-06-09,38.96109737948555,39.6337866781629,38.492013810296655,38.694618225097656,427717000,0.0,0.0
2023-06-12,39.12378588583667,39.453142301230535,38.542916712430916,39.405235290527344,388701000,0.0,0.0
2023-06-13,40.10787227427034,41.02109426945124,39.66274022839159,40.94224548339844,613208000,0.0,0.0
2023-06-14,40.744627187256896,42.91639507972652,40.47315286932789,42.91340255737305,740465000,0.0,0.0
2023-06-15,42.519176450195246,43.20484109231197,42.06505921158456,42.57007598876953,568622000,0.0,0.0
2023-06-16,43.36551525859182,43.635988226566326,42.578047952217986,42.60898971557617,655709000,0.0,0.0
2023-06-20,42.91439764756023,43.90446942443079,42.59102630942327,43.72282028198242,451153000,0.0,0.0
2023-06-21,43.416422222584046,43.53020280046162,41.998187390967416,42.961307525634766,551603000,0.0,0.0
2023-06-22,42.170843097037455,43.3415626918256,42.15188284213235,42.94134521484375,417737000,0.0,0.0
2023-06-23,42.381435491620046,42.72576209923424,41.93330719856048,42.126930236816406,358140000,0.0,0.0
2023-06-26,42.378435975213705,42.68084821314237,40.02202672023089,40.55299377441406,594322000,0.0,0.0
2023-06-27,40.71966921761755,41.85844947201779,40.36935378172568,41.79457473754883,462175000,0.0,0.0
2023-06-28,40.58094002022697,41.76363726159132,40.43921783251657,41.037052154541016,582639000,0.0,0.0
2023-06-29,41.47720297369155,41.51912113593417,40.52106530278883,40.74263381958008,380514000,0.0,0.0
2023-06-30,41.5989647398468,42.467272192490576,41.420311904436474,42.21975326538086,501148000,0.0,0.0
2023-07-03,42.434326127886784,42.81458581035407,42.11994000015232,42.330528259277344,198209000,0.0,0.0
2023-07-05,42.053080590984536,43.09305457985884,42.003178561095986,42.2347297668457,323618000,0.0,0.0
2023-07-06,41.76264195382368,42.09698967937306,41.2656091487607,42.02113723754883,303582000,0.0,0.0
2023-07-07,42.23970512687058,43.12997276941171,42.09798294597246,42.420352935791016,355881000,0.0,0.0
2023-07-10,42.574069582991044,42.72776951271603,41.568026064774784,42.09799575805664,353908000,0.0,0.0
2023-07-11,42.39840799700593,42.674869883688075,41.98521523561071,42.32255554199219,298244000,0.0,0.0
2023-07-12,42.949329116868,43.84957572671799,42.69382635632928,43.8166389465332,481277000,0.0,0.0
2023-07-13,44.43144838419821,46.065262910266576,44.40549795947818,45.887611389160156,478204000,0.0,0.0
2023-07-14,46.492436437565786,47.99451157705396,44.97239854645831,45.3806037902832,772075000,0.0,0.0
2023-07-17,46.19900003919172,46.40559448511717,45.17399644703976,46.370662689208984,510488000,0.0,0.0
2023-07-18,46.61019215993459,47.802868230083774,45.64507339337393,47.401649475097656,569164000,0.0,0.0
2023-07-19,47.37171457968649,47.725026374946644,46.65111827083296,46.98546600341797,427502000,0.0,0.0
2023-07-20,46.416572252146125,46.99544633379389,44.974382199398164,45.43149185180664,537865000,0.0,0.0
2023-07-21,45.698979302609416,45.77683058262833,44.014261307837806,44.22285461425781,963769000,0.0,0.0
2023-07-24,44.644025212328465,45.02129240158318,43.95437069346409,44.5252571105957,382516000,0.0,0.0
2023-07-25,44.85362300335587,46.093204951452925,44.835656447425045,45.590187072753906,348081000,0.0,0.0
2023-07-26,45.93151461260815,45.963453882826926,44.543220492794724,45.36362075805664,364237000,0.0,0.0
2023-07-27,46.428548757899605,47.302844902001375,45.6610430080092,45.810752868652344,455976000,0.0,0.0
2023-07-28,46.577265904182916,46.93556908272483,46.2908251472219,46.65910720825195,331194000,0.0,0.0
2023-07-31,46.66309454574556,47.03836291442901,46.41557565297474,46.63814163208008,251055000,0.0,0.0
2023-08-01,46.369666884333206,46.8088138287661,45.93751010661882,46.41657638549805,237858000,0.0,0.0
2023-08-02,45.741897261987354,45.75087863735261,43.302648610435476,44.18293380737305,530142000,0.0,0.0
2023-08-03,43.714841517541664,45.03027980086514,43.714841517541664,44.42845153808594,324176000,0.0,0.0
2023-08-04,44.89753933286693,45.553259657619556,44.306691262413594,44.59313201904297,362666000,0.0,0.0
2023-08-07,45.023299970859505,45.45146680674041,44.47636500012794,45.328704833984375,322154000,0.0,0.0
2023-08-08,44.765791580742274,45.154035175235585,43.97034032891443,44.5771598815918,353843000,0.0,0.0
2023-08-09,44.18790919409857,44.22583731482129,42.05207094997095,42.471256256103516,586449000,0.0,0.0
2023-08-10,42.07803041712352,43.48928271463046,41.753661535765616,42.30558776855469,492705000,0.0,0.0
2023-08-11,41.669820039034846,41.93630299373014,40.55998266636193,40.77556228637695,533085000,0.0,0.0
2023-08-14,40.407280716905284,43.71483628671642,40.2326217412967,43.66792678833008,690286000,0.0,0.0
2023-08-15,44.473365790467945,45.17998944739272,43.62501611478745,43.85456848144531,676512000,0.0,0.0
2023-08-16,44.43343721611258,44.588134620821634,43.321601018047524,43.40144729614258,527451000,0.0,0.0
2023-08-17,43.88450205046222,43.97632221329704,42.91738449342878,43.25971984863281,452395000,0.0,0.0
2023-08-18,42.55209903416188,43.49326626137414,41.57899634242321,43.21480941772461,583768000,0.0,0.0
2023-08-21,44.40749503476182,46.97349568922654,44.13602449197177,46.87568664550781,692573000,0.0,0.0
2023-08-22,48.04140287567031,48.09330371430153,45.24485304459103,45.579200744628906,755293000,0.0,0.0
2023-08-23,45.77682532419549,47.108231304990525,45.120103708429646,47.02439498901367,779046000,0.0,0.0
2023-08-24,50.118361983877634,50.16826400478164,47.067306662299096,47.07129669189453,1156044000,0.0,0.0
2023-08-25,46.92059855717943,47.71205604609622,44.93646092899701,45.928531646728516,925341000,0.0,0.0
2023-08-28,46.3916241394205,46.88865698143186,44.800725372190506,46.74393844604492,685192000,0.0,0.0
2023-08-29,46.57526966972096,48.9855752028849,46.30080281747559,48.689151763916016,701397000,0.0,0.0
2023-08-30,48.94863943193041,49.82992198159772,48.330843509784565,49.168212890625,735206000,0.0,0.0
2023-08-31,49.283997565683826,49.647288301131454,48.86281712543133,49.2590446472168,528570000,0.0,0.0
2023-09-01,49.665250288293905,49.70317460901009,48.04839726391632,48.4146842956543,463830000,0.0,0.0
2023-09-05,48.1292368066892,48.75601791251672,47.76694364415611,48.45360565185547,382653000,0.0,0.0
2023-09-06,48.350789218042244,48.458585985629774,46.49325493569356,46.973358154296875,468670000,0.004,0.0
2023-09-07,45.44023319735737,46.257708449088824,45.067926633125616,46.15489959716797,433330000,0.0,0.0
2023-09-08,45.856454433608306,46.519215678178135,45.18670244634744,45.48714065551758,473069000,0.0,0.0
2023-09-11,46.06206706824175,46.077038527672016,44.22948732817348,45.093875885009766,473966000,0.0,0.0
2023-09-12,44.6546914479524,45.587951736657104,44.44807617569655,44.78644561767578,349256000,0.0,0.0
2023-09-13,44.516948715229006,45.844473946840324,44.420129217307256,45.40030288696289,398355000,0.0,0.0
2023-09-14,45.86443278415264,45.90136263395265,45.0469576802591,45.49612045288086,370097000,0.0,0.0
2023-09-15,45.256567267439614,45.514086250608685,43.7264210191702,43.81825256347656,506831000,0.0,0.0
2023-09-18,42.66840557284806,44.15962327078049,41.92179723034894,43.88413619995117,500271000,0.0,0.0
2023-09-19,43.751381753727316,43.88413352477652,42.92192782259573,43.43896484375,373064000,0.0,0.0
2023-09-20,43.518816723640995,43.8212539488895,42.144381748538365,42.16035079956055,367108000,0.0,0.0
2023-09-21,41.505568360727295,42.021603947761406,40.903690569058845,40.94062042236328,450736000,0.0,0.0
2023-09-22,41.494589042058344,42.0365810200349,41.154224400495224,41.53252029418945,479236000,0.0,0.0
2023-09-25,41.51355366859355,42.4567936946112,41.1003231092512,42.14337921142578,419091000,0.0,0.0
2023-09-26,41.9228022564022,42.74027769108483,41.5774457668701,41.832969665527344,402282000,0.0,0.0
2023-09-27,42.25117631483952,42.79216683776979,41.55148148041127,42.388916015625,444935000,0.0,0.0
2023-09-28,42.38093203987961,43.36509601724836,42.036577072071424,43.00876235961914,424663000,0.0,0.0
2023-09-29,43.74538375843628,44.06179477214428,43.22635166055895,43.41799545288086,397830000,0.0,0.0
2023-10-02,43.94800606273331,45.09087429927052,43.779322054087544,44.6986083984375,433298000,0.0,0.0
2023-10-03,44.7245629218231,45.045965740925496,43.16547120468859,43.43596649169922,470850000,0.0,0.0
2023-10-04,43.66055277170503,44.06080708258773,43.21138991227506,43.9589958190918,361821000,0.0,0.0
2023-10-05,43.96797721587723,44.81639678263096,43.80628011216114,44.60478973388672,393483000,0.0,0.0
2023-10-06,44.11070601288464,45.70373466330227,43.944017177662325,45.67678451538086,434436000,0.0,0.0
2023-10-09,44.7584930492937,45.52007265706839,44.285376719881796,45.188690185546875,409675000,0.0,0.0
2023-10-10,45.225624939795324,46.17285521109452,45.00403822708207,45.71271514892578,368582000,0.0,0.0
2023-10-11,46.109980599288626,46.77174808079545,45.96425254771436,46.71884536743164,378137000,0.0,0.0
2023-10-12,46.68989566086201,47.52034710135052,46.24372943331202,46.857582092285156,481325000,0.0,0.0
2023-10-13,46.87255588078778,47.02826743741539,45.19568386802554,45.376346588134766,474115000,0.0,0.0
2023-10-16,44.97909439315566,46.13892955114849,44.82837457379921,46.00917434692383,375099000,0.0,0.0
2023-10-17,43.91807074145932,44.67066838631244,42.40090056802487,43.85618591308594,812333000,0.0,0.0
2023-10-18,42.51168506984707,43.13851774775219,41.74711270086322,42.1174201965332,627294000,0.0,0.0
2023-10-19,42.73128289845607,43.21637798376251,41.8040119269262,42.022605895996094,501233000,0.0,0.0
2023-10-20,41.81199440818419,42.39091619548763,41.00150619051564,41.309932708740234,477266000,0.0,0.0
2023-10-23,41.15222663549808,43.16746801501632,40.86875508234883,42.89497375488281,478530000,0.0,0.0
2023-10-24,42.99678065247912,43.61562500762833,42.61150169448096,43.581687927246094,401463000,0.0,0.0
2023-10-25,43.31719108723883,43.56872457047859,41.47762427336827,41.70120620727539,398379000,0.0,0.0
2023-10-26,41.775064849583806,42.17731428874224,39.80573926150373,40.25090789794922,541001000,0.0,0.0
2023-10-27,41.053411354619094,41.1292700454015,39.94048596248548,40.424583435058594,416784000,0.0,0.0
2023-10-30,41.01049469201982,41.68822738791205,40.405620307517786,41.084354400634766,388028000,0.0,0.0
2023-10-31,40.37468366362989,40.80288572703797,39.15695406100747,40.70406723022461,517969000,0.0,0.0
2023-11-01,40.807870455778854,42.30208459844571,40.79289899587781,42.24618911743164,437593000,0.0,0.0
2023-11-02,43.24731404731201,43.802278424689874,42.814124127350155,43.424983978271484,409172000,0.0,0.0
2023-11-03,43.93802957100558,45.22462694220357,43.64158173973637,44.92119598388672,424610000,0.0,0.0
2023-11-06,45.200681510034094,45.8494727665492,44.815398638194424,45.66581344604492,400733000,0.0,0.0
2023-11-07,45.63386992886557,46.13193749816825,45.073913725971586,45.86943054199219,343165000,0.0,0.0
2023-11-08,46.01416154146456,46.77973551029514,45.88240735230462,46.487281799316406,346719000,0.0,0.0
2023-11-09,47.37861498022088,48.14019475321026,46.662950986381574,46.862579345703125,540496000,0.0,0.0
2023-11-10,47.41155837114357,48.38174869797084,47.19496335402622,48.24500274658203,421245000,0.0,0.0
2023-11-13,48.23002031531456,49.02453947075824,48.009431181663935,48.52946090698242,384136000,0.0,0.0
2023-11-14,49.58749879696626,49.74121138705151,48.94869105201251,49.563541412353516,416954000,0.0,0.0
2023-11-15,49.84201782618033,49.86696898933371,48.11024794590893,48.796966552734375,475497000,0.0,0.0
2023-11-16,48.588356005845505,49.432781344923285,48.240006851203624,49.38786315917969,339756000,0.0,0.0
2023-11-17,49.43178055903223,49.62442196935827,48.915744960766254,49.20620346069336,325205000,0.0,0.0
2023-11-20,49.22017851068948,50.453877068941594,49.08942192234672,50.31513595581055,414120000,0.0,0.0
2023-11-21,50.03266205340574,50.422932832163035,49.130346021791986,49.85100173950195,565747000,0.0,0.0
2023-11-22,49.759168450104845,50.24126692176278,47.60119189596065,48.625282287597656,899420000,0.0,0.0
2023-11-24,48.37974638442562,48.829906801279186,47.656094105123046,47.68703842163086,294645000,0.0,0.0
2023-11-27,47.7109937696309,48.43963402417859,47.56327053938668,48.15217208862305,395662000,0.0,0.0
2023-11-28,48.14617697047183,48.233016759843025,47.38459731024166,47.73194885253906,401491000,0.0,0.0
2023-11-29,48.288911166313994,48.67119737228817,47.77087663297862,48.05035400390625,382005000,0.0,0.0
2023-11-30,47.934573676190574,48.02041588268528,46.335559349897565,46.68291091918945,526247000,0.0,0.0
2023-12-01,46.43837031596677,47.11211268040661,46.10099843511436,46.677921295166016,369317000,0.0,0.0
2023-12-04,45.99120035967438,45.99120035967438,44.926185864436995,45.425254821777344,437543000,0.0,0.0
2023-12-05,45.385328820380614,46.51731562556562,45.19067511548695,46.48337936401367,371718000,0.004,0.0
2023-12-06,47.13122440124437,47.30292009715476,45.331422145943435,45.42226028442383,380590000,0.0,0.0
2023-12-07,45.618910872891085,46.54626331215597,45.52308054469381,46.51332092285156,350823000,0.0,0.0
2023-12-08,46.51232804934258,47.65629461849747,46.467405912391875,47.42171096801758,359224000,0.0,0.0
2023-12-11,47.40674269328456,47.44666883134117,45.748690336704186,46.544273376464844,509728000,0.0,0.0
2023-12-12,45.96429952454466,47.58142400474077,45.96429952454466,47.57244110107422,372387000,0.0,0.0
2023-12-13,47.54449269431196,48.50778063121328,47.52353004634861,48.00267791748047,447792000,0.0,0.0
2023-12-14,48.30413587026834,48.58363781796952,47.33785498826681,48.26420593261719,391232000,0.0,0.0
2023-12-15,48.10848894942567,49.31634111544804,48.034618938742405,48.803253173828125,479948000,0.0,0.0
2023-12-18,49.31235079913167,50.34351507731144,49.062794375670336,49.9881477355957,412587000,0.0,0.0
2023-12-19,49.33630266590499,49.61181391094036,48.80824198487287,49.51598358154297,464444000,0.0,0.0
2023-12-20,49.566901778685114,49.910293226987015,48.01266497196942,48.02564239501953,397894000,0.0,0.0
2023-12-21,48.72439672866285,49.00789323083867,48.33309014213933,48.903079986572266,300425000,0.0,0.0
2023-12-22,49.107712672335644,49.29537882848635,48.38100372795406,48.74336242675781,252507000,0.0,0.0
2023-12-26,48.88110985273242,49.51198840359391,48.873124626710656,49.191558837890625,244200000,0.0,0.0
2023-12-27,49.42315398247824,49.59185284551433,48.997907338293054,49.32931900024414,233648000,0.0,0.0
2023-12-28,49.554922947314495,49.795492674643874,49.324329994165225,49.43413543701172,246587000,0.0,0.0
2023-12-29,49.724619498674286,49.908294957673476,48.664503467597335,49.43413543701172,389293000,0.0,0.0
2024-01-02,49.1566219566508,49.20753015338818,47.51054964423797,48.0825309753418,411254000,0.0,0.0
2024-01-03,47.40074566328975,48.09850289557728,47.23603751691528,47.484596252441406,320896000,0.0,0.0
2024-01-04,47.68224504410837,48.413946184142475,47.42370571637504,47.912837982177734,306535000,0.0,0.0
2024-01-05,48.37601228101952,49.459086175725254,48.220287041681374,49.009883880615234,415039000,0.0,0.0
2024-01-08,49.424151981929796,52.18225008334284,49.39120958940494,52.16028594970703,642510000,0.0,0.0
2024-01-09,52.30802433098523,54.22861030764682,51.59828353362604,53.045711517333984,773100000,0.0,0.0
2024-01-10,53.52086794542818,54.50311934146144,53.39409057576156,54.253562927246094,533796000,0.0,0.0
2024-01-11,54.90141170121365,55.24779611496442,53.46496584925973,54.72472381591797,596759000,0.0,0.0
2024-01-12,54.523086018906326,54.87246729450568,54.23360346337735,54.6129264831543,352994000,0.0,0.0
2024-01-16,54.920385030235444,56.734158722808395,54.80259436306696,56.28196334838867,449580000,0.0,0.0
2024-01-17,56.247029352235366,56.37080989994834,54.64288204305218,55.95355224609375,474394000,0.0,0.0
2024-01-18,57.15840086229008,57.497797746406825,56.00744677307047,57.005672454833984,491650000,0.0,0.0
2024-01-19,57.886114405754476,59.39443517557219,57.12346995451097,59.38545227050781,543501000,0.0,0.0
2024-01-22,59.94245635666948,60.223957503871716,58.96519328035112,59.54815673828125,452955000,0.0,0.0
2024-01-23,59.46430561582059,59.803702511682395,58.48105267598879,59.76676940917969,294654000,0.0,0.0
2024-01-24,60.197006547482026,62.73748925623283,59.83165479543139,61.25312805175781,560271000,0.0,0.0
2024-01-25,62.239368666397,62.607717226695215,60.742030169454694,61.50767135620117,482777000,0.0,0.0
2024-01-26,60.85184105783135,61.67338271174931,60.46553046315559,60.92271423339844,390309000,0.0,0.0
2024-01-29,61.12335769472333,62.378127434562785,60.798937371656514,62.35417175292969,348733000,0.0,0.0
2024-01-30,62.788396424260334,63.38034275629544,62.14952879417416,62.66261672973633,410735000,0.0,0.0
2024-01-31,61.33098779929159,62.15851930991276,60.592302887690344,61.4178352355957,453795000,0.0,0.0
2024-02-01,61.98981163068563,63.07887923181449,61.5406131324354,62.91516876220703,369146000,0.0,0.0
2024-02-02,63.86048434942647,66.48182425910672,63.57698787949549,66.04261016845703,476578000,0.0,0.0
2024-02-05,68.10393877262449,69.37368488045085,67.085752030502,69.20897674560547,680078000,0.0,0.0
2024-02-06,69.50644505901005,69.63022558045657,66.18235963384292,68.10194396972656,683111000,0.0,0.0
2024-02-07,68.19777661316522,70.09540449820057,67.48005062301553,69.97461700439453,495575000,0.0,0.0
2024-02-08,69.94966354395652,70.66838724943909,69.33176617612584,69.5174331665039,414422000,0.0,0.0
2024-02-09,70.40785287358678,72.05692221360141,70.08742326576261,72.00502014160156,436637000,0.0,0.0
2024-02-12,72.4711925074671,74.4786262016981,71.12358918296164,72.11981964111328,613710000,0.0,0.0
2024-02-13,70.27509946360114,73.31968365428922,69.4964845401849,72.00003051757812,602580000,0.0,0.0
2024-02-14,73.0721307009838,74.10429279758857,71.81037331243682,73.76889038085938,504917000,0.0,0.0
2024-02-15,73.73793302512789,73.8437401296513,72.27153779440317,72.5290756225586,420122000,0.0,0.0
2024-02-16,73.96851471281462,74.2699807907232,72.37235296886776,72.4841537475586,495327000,0.0,0.0
2024-02-20,71.81934169951924,71.82832841143384,67.61381946264177,69.32877349853516,704833000,0.0,0.0
2024-02-21,67.88532873628714,68.76576751724065,66.13045246980936,67.35227966308594,673755000,0.0,0.0
2024-02-22,74.89189108055353,78.43558804957509,74.08831901858908,78.3986587524414,865100000,0.0,0.0
2024-02-23,80.64666119604064,82.24781162101127,77.43237298519631,78.67716217041016,829388000,0.0,0.0
2024-02-26,79.55859846095663,80.50292689292228,78.36571885591441,78.9516830444336,503973000,0.0,0.0
2024-02-27,79.24014166205446,79.33897263573371,77.02508494380959,78.56134796142578,391705000,0.0,0.0
2024-02-28,77.4822921690797,78.79295861027416,76.98816763831427,77.52521514892578,393110000,0.0,0.0
2024-02-29,78.95366047452625,79.84806674793919,78.21097730890395,78.97162628173828,507289000,0.0,0.0
2024-03-01,79.85805518730493,82.15397732028299,79.29405523547015,82.13301086425781,479135000,0.0,0.0
2024-03-04,83.98071640863849,87.5393930852347,83.57045019844777,85.08575439453125,615616000,0.0,0.0
2024-03-05,85.12269695886387,85.94827183043155,83.27290109267872,85.81549835205078,520639000,0.004,0.0
2024-03-06,87.8699456446009,89.56900130568565,86.87965493223747,88.54676818847656,582520000,0.0,0.0
2024-03-07,90.00224735235656,92.60674140930558,89.44720809741612,92.5089111328125,608119000,0.0,0.0
2024-03-08,94.97365533037919,97.23174889760968,86.35656281212522,87.37680053710938,1142269000,0.0,0.0
2024-03-11,86.27969121669621,88.64359662209651,84.02060015441661,85.62582397460938,678364000,0.0,0.0
2024-03-12,87.8969031445505,91.80114256968415,86.0011815049168,91.75422668457031,668075000,0.0,0.0
2024-03-13,90.89769122292586,91.34591302025892,88.2822148639796,90.7309799194336,635713000,0.0,0.0
2024-03-14,89.42226608746894,90.48941971581641,86.4504036300163,87.79208374023438,602318000,0.0,0.0
2024-03-15,86.77983369344113,89.39131202190967,86.10799973550625,87.68526458740234,642086000,0.0,0.0
2024-03-18,90.2318598178106,92.24537384693531,86.93456418081807,88.30220031738281,668976000,0.0,0.0
2024-03-19,86.55022352343148,90.38758481674583,84.86314816147532,89.24356842041016,672171000,0.0,0.0
2024-03-20,89.6418701073994,90.25381771221527,88.07059173697641,90.21588134765625,479063000,0.0,0.0
2024-03-21,92.14054972284487,92.48794810720764,90.24881917443113,91.27703857421875,480372000,0.0,0.0
2024-03-22,90.983542177901,94.61425987373234,90.67707334814835,94.12610626220703,586719000,0.0,0.0
2024-03-25,93.77871885813295,96.59883562555477,93.34846365413705,94.83788299560547,552136000,0.0,0.0
2024-03-26,95.68541767838448,96.20851455285562,92.34220396856466,92.4011001586914,513648000,0.0,0.0
2024-03-27,92.95114873658731,93.0789259717654,88.96904130951937,90.0940933227539,586067000,0.0,0.0
2024-03-28,89.8445252112995,91.1422825108375,89.03892009399118,90.19991302490234,435212000,0.0,0.0
2024-04-01,90.14301673764523,92.06568455405531,89.0499070749777,90.20690155029297,452441000,0.0,0.0
2024-04-02,88.29520668047454,89.93836697964663,87.46864171818919,89.29747772216797,433064000,0.0,0.0
2024-04-03,88.33115901188768,90.21789372586332,88.24730447420946,88.8103256225586,370067000,0.0,0.0
2024-04-04,90.24981545155312,90.47742601324012,85.73163346290652,85.756591796875,434965000,0.0,0.0
2024-04-05,86.71593914747515,88.32815477151372,85.77756814573236,87.85597229003906,399678000,0.0,0.0
2024-04-08,88.54675414355297,88.67653442305598,86.5821594652945,86.98246765136719,283220000,0.0,0.0
2024-04-09,87.29094090122678,87.4836082761363,82.87857850073121,85.20654296875,501700000,0.0,0.0
2024-04-10,83.78102010903869,87.24901778988773,83.56439211342133,86.88864135742188,431929000,0.0,0.0
2024-04-11,87.2689793680449,90.58224601063488,86.77583708331596,90.45945739746094,431637000,0.0,0.0
2024-04-12,89.54405551793229,90.0192388417283,87.37880342967303,88.0336685180664,426805000,0.0,0.0
2024-04-15,88.94408228829708,90.45646450816476,85.78055803275619,85.85243225097656,443077000,0.0,0.0
2024-04-16,86.28367890740496,87.96576550123054,85.91532070970885,87.26398468017578,370453000,0.0,0.0
2024-04-17,88.18739527959683,88.62164902707342,83.80497930154608,83.88983917236328,495400000,0.0,0.0
2024-04-18,84.82320627802973,86.0410998135889,82.25964198597137,84.52471923828125,447260000,0.0,0.0
2024-04-19,83.00636595540483,84.17833393456459,75.47539894537725,76.06836700439453,875198000,0.0,0.0
2024-04-22,77.96907171420484,79.93467203595871,76.26802061217705,79.38063049316406,596341000,0.0,0.0
2024-04-23,80.62946711947102,82.62601207910251,80.12534225900131,82.28060913085938,438559000,0.0,0.0
2024-04-24,83.80498148732187,83.93675724779338,79.04621772256601,79.53936767578125,512208000,0.0,0.0
2024-04-25,78.73175253009703,83.1790583894206,78.08787011237102,82.4892578125,424641000,0.0,0.0
2024-04-26,83.67320929669376,88.17841379736606,83.24295407183207,87.58344268798828,551011000,0.0,0.0
2024-04-29,87.44368500312586,87.8399947565515,85.11870586410434,87.60540771484375,388971000,0.0,0.0
2024-04-30,87.08928872900789,88.66556334587189,86.15091777999787,86.25273895263672,363709000,0.0,0.0
2024-05-01,84.93002290842145,85.85142484392729,81.11461964994571,82.89753723144531,559863000,0.0,0.0
2024-05-02,84.30311392551386,86.08802721004574,83.05627099401435,85.66875457763672,377898000,0.0,0.0
2024-05-03,87.63734759857738,89.12676696706856,86.88964093377092,88.6356201171875,398341000,0.0,0.0
2024-05-06,89.23557796278553,92.06069095925291,88.90115758999175,91.98082733154297,376203000,0.0,0.0
2024-05-07,90.94062670307744,91.62244547206083,88.85723403089521,90.39756774902344,437342000,0.0,0.0
2024-05-08,89.32843271803675,91.03647574977849,89.2655380075343,90.25582885742188,325721000,0.0,0.0
2024-05-09,90.37261598217049,90.91467725150264,88.07858911055452,88.59369659423828,378013000,0.0,0.0
2024-05-10,90.14900450939767,91.24311191356409,89.07286375704587,89.72274017333984,335325000,0.0,0.0
2024-05-13,90.32170192056742,90.84080791917694,88.37607119051684,90.24284362792969,289680000,0.0,0.0
2024-05-14,89.44422015487879,91.49267735254841,88.78036800318161,91.19818878173828,296507000,0.0,0.0
2024-05-15,92.31225306463462,94.69812368698847,91.44076009123388,94.46652221679688,417735000,0.0,0.0
2024-05-16,94.74605748352667,95.65348387790415,93.94044465961885,94.19600677490234,323952000,0.0,0.0
2024-05-17,94.20598653059943,94.57634022771545,91.64741042469609,92.31924438476562,359691000,0.0,0.0
2024-05-20,93.58805245494568,95.03554461976276,93.27859039868353,94.61627197265625,318764000,0.0,0.0
2024-05-21,93.43731390021196,95.23520530836203,93.01903897023965,95.22122955322266,328946000,0.0,0.0
2024-05-22,95.29408831779949,95.85411617010452,93.0879071432018,94.78596496582031,548648000,0.0,0.0
2024-05-23,101.85176064066984,106.13634662239213,101.34463491102811,103.61970520019531,835065000,0.0,0.0
2024-05-24,104.2685576920773,106.29105867121642,102.82206339543845,106.28507232666016,429494000,0.0,0.0
2024-05-28,110.05354384473526,114.74043237669933,109.69316745366345,113.7042236328125,652728000,0.0,0.0
2024-05-29,112.85469764744549,115.29247256775368,110.70940819239908,114.62662506103516,557442000,0.0,0.0
2024-05-30,114.45194499585061,115.61892428256706,109.47356046717066,110.30911254882812,484553000,0.0,0.0
2024-05-31,112.32560941345422,112.52227529514084,106.75525509489461,109.443603515625,613263000,0.0,0.0
2024-06-03,113.42472260342709,114.80133819580078,111.80951385006522,114.80133819580078,438392000,0.0,0.0
2024-06-04,115.51610755402032,116.39857553569502,113.8479889155611,116.23585510253906,403324000,0.0,0.0
2024-06-05,118.16651413530396,122.2374646244509,117.26507420610801,122.22848510742188,528402000,0.0,0.0
2024-06-06,123.83369734866147,125.37004011083056,118.11559592598994,120.78897094726562,664696000,0.0,0.0
2024-06-07,119.56309618694148,121.48178065904402,117.81812234412239,120.67916870117188,412386000,0.0,0.0
2024-06-10,120.16206002224595,122.88733960177423,116.80786391189227,121.57960510253906,313434100,0.0,10.0
2024-06-11,121.56961447657496,122.66781043299152,118.54460180006694,120.7110366821289,222551200,0.01,0.0
2024-06-12,122.85750238613136,126.6712162731191,122.36831081363356,124.99398040771484,299595000,0.0,0.0
2024-06-13,129.17707407207072,129.58640302855855,126.95074804505506,129.39671325683594,260704500,0.0,0.0
2024-06-14,129.7461556011969,132.62140615970972,128.10885485479358,131.66299438476562,309320400,0.0,0.0
2024-06-17,132.77118307637525,133.5099557271365,129.3667902512595,130.7644805908203,288504400,0.0,0.0
2024-06-18,130.92420671975586,136.10566894087242,130.47495024767164,135.35690307617188,294335100,0.0,0.0
2024-06-20,139.56996619369176,140.52837801062054,129.30688285479897,130.56480407714844,517768400,0.0,0.0
2024-06-21,126.91082285827493,130.41504917764772,124.09546355999291,126.36172485351562,649445800,0.0,0.0
2024-06-24,123.0371892837608,124.25518282254679,117.84574965469585,117.91563415527344,476060900,0.0,0.0
2024-06-25,121.00056206941291,126.29184395373642,119.1236583558784,125.88251495361328,414192600,0.0,0.0
2024-06-26,125.92244899462368,127.90917229563556,122.39825886605338,126.19200897216797,362975900,0.0,0.0
2024-06-27,123.8957921998042,126.2019962793405,122.71773358253314,123.78597259521484,252571700,0.0,0.0
2024-06-28,124.3750052910358,127.49985213027985,122.54801473015355,123.33671569824219,315516700,0.0,0.0
2024-07-01,123.26683055595603,124.63457133754859,118.63446631453066,124.09546661376953,284885500,0.0,0.0
2024-07-02,120.93066533405532,123.20691975674896,120.83083141775005,122.46813201904297,218374000,0.0,0.0
2024-07-03,121.45980705227005,128.06890869140625,121.16029766804549,128.06890869140625,215749000,0.0,0.0
2024-07-05,127.17039258704797,128.63798252741702,125.47319299554034,125.6229476928711,214176700,0.0,0.0
2024-07-08,127.28019823232947,130.55480700867955,126.83094180644568,127.98902893066406,237677300,0.0,0.0
2024-07-09,130.1355144487565,133.59980576329167,128.43829962119838,131.163818359375,285366600,0.0,0.0
2024-07-10,133.80946190177127,134.87770860466375,132.20211043348235,134.68801879882812,248978600,0.0,0.0
2024-07-11,135.52662745493282,135.92596317348227,126.84094609019272,127.19036865234375,374782700,0.0,0.0
2024-07-12,128.04894535138322,131.70292655352904,127.01066335258953,129.02734375,252680500,0.0,0.0
2024-07-15,130.34517510581753,131.17381125800816,126.97073927484084,128.22866821289062,208326200,0.0,0.0
2024-07-16,128.22865593379024,128.82765950066548,124.37500690887067,126.1520767211914,214769500,0.0,0.0
2024-07-17,121.15032459946838,121.64950188056783,116.52794571855017,117.79585266113281,390086200,0.0,0.0
2024-07-18,121.64949097287113,122.19858897958201,116.36819489836525,120.89073944091797,320979500,0.0,0.0
2024-07-19,120.15196272062997,121.39990584738524,117.176870571876,117.73594665527344,217223800,0.0,0.0
2024-07-22,120.15196240961751,123.86584236392231,119.66277083791101,123.33671569824219,258068900,0.0,0.0
2024-07-23,122.57797258109629,124.48483346113822,121.8990911705108,122.3882827758789,173911000,0.0,0.0
2024-07-24,118.9739065074374,119.75262181556741,113.25333936427286,114.06200408935547,327776900,0.0,0.0
2024-07-25,112.85398925547956,116.43807811661003,106.12508231687993,112.0952377319336,460067000,0.0,0.0
2024-07-26,115.998801321254,116.00877938122822,111.39638688236367,112.87394714355469,293399100,0.0,0.0
2024-07-29,113.50292255867154,116.08865698961546,111.1168559757427,111.4063720703125,248152100,0.0,0.0
2024-07-30,111.33647720819822,111.80570498592243,102.37125913301429,103.5593032836914,486833300,0.0,0.0
2024-07-31,112.71420803404115,118.14525053765568,110.69752797453181,116.82742309570312,473174200,0.0,0.0
2024-08-01,117.3365974252001,119.96227450650746,106.63423649015627,109.03028869628906,523462300,0.0,0.0
2024-08-02,103.58926418951675,108.54110155423277,101.20319756374683,107.0934829711914,482027500,0.0,0.0
2024-08-05,91.90851250035082,103.239842127859,90.5407717150732,100.28470611572266,552842400,0.0,0.0
2024-08-06,103.66914687505354,107.53278224958483,100.38456666293361,104.07847595214844,409012100,0.0,0.0
2024-08-07,107.63260292939728,108.62097943024764,98.52761419555756,98.74725341796875,411440400,0.0,0.0
2024-08-08,101.83216509669424,105.32640605589452,97.3595333175079,104.79727935791016,391910000,0.0,0.0
2024-08-09,105.46616394434741,106.42458330646772,103.25980151433504,104.57762908935547,290844200,0.0,0.0
2024-08-12,106.14505252549102,110.88723650727509,106.08515369153115,108.84060668945312,325559900,0.0,0.0
2024-08-13,112.25497470709487,116.03873891622582,111.39638928672005,115.94888305664062,312646700,0.0,0.0
2024-08-14,118.33496818813165,118.40485270467185,113.88230763624145,117.88571166992188,339246400,0.0,0.0
2024-08-15,118.56458490618095,123.03720888953038,117.27670666159618,122.6578369140625,318086700,0.0,0.0
2024-08-16,121.73934484458584,124.79430704362497,120.98059332504539,124.375,302589900,0.0,0.0
2024-08-19,124.0754979878485,129.7860870361328,123.21691249503145,129.7860870361328,318333600,0.0,0.0
2024-08-20,128.18872055728244,129.66629628755138,125.6828560733908,127.04061889648438,300087400,0.0,0.0
2024-08-21,127.11047005551461,129.13713569675684,126.4515601736874,128.2885284423828,257883600,0.0,0.0
2024-08-22,129.80604926899383,130.5348437487765,122.89743071735391,123.536376953125,376189100,0.0,0.0
2024-08-23,125.65290085977209,129.38675225949072,125.01395457447234,129.15711975097656,323230300,0.0,0.0
2024-08-26,129.35679802537265,131.04400430992783,124.16535012958609,126.25190734863281,331964700,0.0,0.0
2024-08-27,124.84423039602758,128.98739538212007,123.6761498691349,128.08888244628906,303134600,0.0,0.0
2024-08-28,127.90917706049713,128.118838213882,122.43819852070378,125.40331268310547,448101100,0.0,0.0
2024-08-29,121.1602924143949,124.22524016378769,116.51794286125214,117.39649200439453,453023300,0.0,0.0
2024-08-30,119.33330911013266,121.54965726206557,117.02711271158417,119.17357635498047,333751600,0.0,0.0
2024-09-03,115.8191103772934,116.01877823521122,107.1134577156826,107.8222885131836,477155100,0.0,0.0
2024-09-04,105.23656107081584,113.08362114689852,103.94868273468121,106.03524017333984,372470300,0.0,0.0
2024-09-05,104.817243866478,109.4695798052194,104.58762658147727,107.0335922241211,306850700,0.0,0.0
2024-09-06,107.8622072224014,107.97202681262529,100.7838707669539,102.66078186035156,413638100,0.0,0.0
2024-09-09,104.70741977949132,106.37467762407766,103.51938307487873,106.29480743408203,273912000,0.0,0.0
2024-09-10,107.63258781478571,109.21997530676359,104.77729355808466,107.92211151123047,268283700,0.0,0.0
2024-09-11,109.20999835891277,116.99716652085532,107.24323877137772,116.7176284790039,441422400,0.0,0.0
2024-09-12,116.6577172050991,120.60155948017247,115.19999582839206,118.95413208007812,366052700,0.01,0.0
2024-09-13,118.8942191250157,119.77284345041441,117.41652479583126,118.9141845703125,238358300,0.0,0.0
2024-09-16,116.60778773961486,117.9956184829638,114.18157866716109,116.5978012084961,248772300,0.0,0.0
2024-09-17,117.98564481894722,118.61466685067687,114.65085910577872,115.40966796875,231925900,0.0,0.0
2024-09-18,115.70918780797278,117.51636140830334,113.04335537027728,113.19312286376953,310318900,0.0,0.0
2024-09-19,117.16692604230532,119.47332749554481,117.06708357128667,117.68611907958984,293506400,0.0,0.0
2024-09-20,116.87738233881377,118.43495389707196,115.2099893901744,115.81903839111328,382462400,0.0,0.0
2024-09-23,116.36816938577523,116.80747774675662,114.68080357526898,116.07862091064453,206228500,0.0,0.0
2024-09-24,116.33821493002908,121.60998405209612,115.19999404233639,120.68143463134766,354966800,0.0,0.0
2024-09-25,121.82963321276459,124.74508350925583,121.42027681497308,123.31731414794922,284692900,0.0,0.0
2024-09-26,126.60217747362803,127.47081527785902,121.6099781665842,123.84648132324219,302582900,0.0,0.0
2024-09-27,123.77659196922,123.83649592385486,119.07394109309165,121.21060180664062,271009200,0.0,0.0
2024-09-30,118.12541998168962,121.31044564232414,117.96567356169257,121.25054168701172,226553700,0.0,0.0
2024-10-01,121.58002164337385,122.24898215671047,115.60935538711523,116.81746673583984,302094500,0.0,0.0
2024-10-02,116.25834508658102,119.19375323018366,114.96037016184738,118.66458129882812,221845900,0.0,0.0
2024-10-03,120.73135113827638,124.16598683922703,120.15225416683853,122.65834045410156,277118000,0.0,0.0
2024-10-04,124.7450859792245,124.84492844767553,121.63993722019764,124.72511291503906,243678100,0.0,0.0
2024-10-07,124.7949925984476,130.43617917860723,124.75505409102715,127.52073669433594,346250200,0.0,0.0
2024-10-08,130.0567614433445,133.27173878303944,129.21807567689768,132.6826629638672,285722500,0.0,0.0
2024-10-09,133.9007832398008,134.31014727855833,131.1750464230449,132.44305419921875,246191600,0.0,0.0
2024-10-10,131.70420101079952,134.78937641455914,130.79561711338704,134.59967041015625,242311300,0.0,0.0
2024-10-11,133.80093033986074,135.5681732923908,133.4514855032485,134.58970642089844,170209500,0.0,0.0
2024-10-14,136.2570891265267,139.3822107684187,136.0873561782587,137.85459899902344,232347700,0.0,0.0
2024-10-15,137.654906403531,138.3538265330219,128.5391603262797,131.3946990966797,377831000,0.0,0.0
2024-10-16,133.7709943416651,136.4068754782255,131.37474430296882,135.50828552246094,264879700,0.0,0.0
2024-10-17,139.12261346955344,140.6701983777905,136.65646567187503,136.71636962890625,306435900,0.0,0.0
2024-10-18,138.45366668655112,138.6833036103306,137.06583575895257,137.7847137451172,176090200,0.0,0.0
2024-10-21,137.91449801128798,143.4857940673828,137.78469595874105,143.4857940673828,264554500,0.0,0.0
2024-10-22,142.68705023422552,144.194689003585,141.55880826832362,143.36598205566406,226311600,0.0,0.0
2024-10-23,141.80841766733155,142.20778753302577,137.24555525009052,139.34226989746094,285930000,0.0,0.0
2024-10-24,140.6003124972593,141.12948441968888,138.2439937495604,140.19094848632812,172354900,0.0,0.0
2024-10-25,140.71013437273555,143.90515439009727,140.5803475394567,141.31918334960938,205122100,0.0,0.0
2024-10-28,142.77692350375753,142.91670449778834,139.83152847847435,140.30079650878906,173586700,0.0,0.0
2024-10-29,140.0711235834401,142.0380513591214,138.68329276437913,141.02963256835938,157593600,0.0,0.0
2024-10-30,139.32230457284558,140.11108066863528,136.59656776236113,139.12261962890625,179418100,0.0,0.0
2024-10-31,137.38533225522045,137.39531116933003,131.90389188236236,132.55287170410156,270039600,0.0,0.0
2024-11-01,134.4898615442038,137.09579048755296,134.36007470728345,135.1887664794922,207127800,0.0,0.0
2024-11-04,136.9959472521015,138.74321710094807,135.3585064031532,135.83775329589844,187528200,0.0,0.0
2024-11-05,137.2355728771189,140.15101580482042,137.11576495412646,139.69174194335938,160537400,0.0,0.0
2024-11-06,142.73698322061895,146.2614750565614,141.73854326176877,145.38284301757812,242043900,0.0,0.0
2024-11-07,146.1616297903136,148.69766066609404,145.9419717733186,148.6477508544922,207323300,0.0,0.0
2024-11-08,148.5378942315628,149.53633403774526,146.03180056765603,147.39967346191406,175665800,0.0,0.0
2024-11-11,148.44801790297308,148.6177660708997,143.3460052965638,145.03335571289062,182325600,0.0,0.0
2024-11-12,146.55098572515575,149.41650294104454,145.78218284955818,148.05862426757812,198634700,0.0,0.0
2024-11-13,148.83744386134128,149.09703275189045,145.6723759576151,146.04180908203125,191903300,0.0,0.0
2024-11-14,147.40966837696516,148.7675472701728,145.32293261192063,146.53103637695312,194463300,0.0,0.0
2024-11-15,144.6439744081883,145.0134075079149,139.86145428913719,141.75848388671875,250132900,0.0,0.0
2024-11-18,139.28235565663965,141.32916034590224,136.93601597273187,139.93133544921875,221205300,0.0,0.0
2024-11-19,141.09954425974988,146.90047806374457,140.77005724054902,146.78065490722656,227834900,0.0,0.0
2024-11-20,147.18003223590216,147.32979212988033,142.50732548898966,145.6623992919922,309871700,0.0,0.0
2024-11-21,149.11701974284432,152.65149063112756,140.4805046221909,146.44119262695312,400946600,0.0,0.0
2024-11-22,145.70231714314025,146.93040910376754,140.87986616890575,141.72853088378906,236406200,0.0,0.0
2024-11-25,141.76848775116036,141.82839170792872,135.60811535874635,135.80780029296875,344941900,0.0,0.0
2024-11-26,137.4851722903331,139.08268223719327,135.45834049580736,136.70639038085938,190287700,0.0,0.0
2024-11-27,134.7993582371888,137.00591700209634,131.59437486042492,135.12884521484375,226370900,0.0,0.0
2024-11-29,136.56662423239774,139.13262238748922,135.837767286179,138.03433227539062,141863200,0.0,0.0
2024-12-02,138.6133964568137,140.23086402488357,137.60497776381663,138.41371154785156,171682800,0.0,0.0
2024-12-03,138.04430354930304,140.32074544201365,137.73478959893222,140.0411834716797,164414000,0.0,0.0
2024-12-04,141.77847337465352,145.56255409442886,140.07113435104438,144.91357421875,231224300,0.0,0.0
2024-12-05,144.89361745373108,146.3214777724878,143.7353435501018,144.84368896484375,172621200,0.01,0.0
2024-12-06,144.38435184545514,145.48270218050342,141.09924996942553,142.22756958007812,188505600,0.0,0.0
2024-12-09,138.76274660606958,139.74128080496888,136.92549436926976,138.6029815673828,189308600,0.0,0.0
2024-12-10,138.80267178561354,141.6084936848826,133.59045579547387,134.86856079101562,210020900,0.0,0.0
2024-12-11,137.15514511831444,139.9609519122756,135.00835767243856,139.10223388671875,184905200,0.0,0.0
2024-12-12,136.8755708420711,138.23354324797214,135.59748095840345,137.1351776123047,159211400,0.0,0.0
2024-12-13,138.7327975455873,139.39181692680097,132.34233289302693,134.04978942871094,231514900,0.0,0.0
2024-12-16,133.9798879813558,134.19956111084232,130.22550081237128,131.8031463623047,237951100,0.0,0.0
2024-12-17,128.89747709842524,131.39374870651014,126.67080709010266,130.19554138183594,259410300,0.0,0.0
2024-12-18,133.66038896461004,136.49615030817583,128.08870801614657,128.7177734375,277444500,0.0,0.0
2024-12-19,131.56348324328064,133.8301019554315,129.35678784338916,130.48509216308594,209719200,0.0,0.0
2024-12-20,129.61640819653473,135.07825184796977,128.02878306565836,134.49911499023438,306528600,0.0,0.0
2024-12-23,136.07678652356904,139.58154714496533,134.91851258675274,139.46173095703125,176053500,0.0,0.0
2024-12-24,139.7912368716414,141.68839756334225,138.44324385025058,140.0109100341797,105157000,0.0,0.0
2024-12-26,139.4916759779926,140.6399702368576,137.52461242783102,139.72132873535156,116205600,0.0,0.0
2024-12-27,138.3433913393573,138.81269167406333,134.50912136885398,136.80567932128906,170582600,0.0,0.0
2024-12-30,134.628906293037,140.060795108374,133.82011682531788,137.28494262695312,167734700,0.0,0.0
2024-12-31,137.82416524884428,137.8641141320975,133.63043143330796,134.08973693847656,155659200,0.0,0.0
2025-01-02,135.79717669922962,138.6728864930968,134.42922472124587,138.10372924804688,198247200,0.0,0.0
2025-01-03,139.80120658589456,144.6839138332244,139.5216253508109,144.2545623779297,229322500,0.0,0.0
2025-01-06,148.36839446450836,151.93307760587138,147.59955378526087,149.20713806152344,265377400,0.0,0.0
2025-01-07,152.80177547515166,152.9016324332477,139.80118875754107,139.93099975585938,351782200,0.0,0.0
2025-01-08,142.36737985085435,143.73533196712347,137.3548616440079,139.90106201171875,227349900,0.0,0.0
2025-01-10,137.24501786219508,139.71133557177419,134.0198390250661,135.7073211669922,207602500,0.0,0.0
2025-01-13,129.7961674567433,133.29094833912805,129.31687225149923,133.0313262939453,204808900,0.0,0.0
2025-01-14,135.84711813885167,136.1766278538369,129.85606565410438,131.56350708007812,195590500,0.0,0.0
2025-01-15,133.45068552943664,136.2465130176968,131.09420431967888,136.03683471679688,185217300,0.0,0.0
2025-01-16,138.4332346192246,138.54307117698642,133.2909213149963,133.3708038330078,209235600,0.0,0.0
2025-01-17,136.4861555399997,138.29345383465838,135.25799411499426,137.504638671875,201188800,0.0,0.0
2025-01-21,138.95247218370304,141.6184885428412,136.88555189361048,140.61997985839844,197749000,0.0,0.0
2025-01-22,144.4442829463215,147.56960504936464,143.45575377479585,146.85069274902344,237651400,0.0,0.0
2025-01-23,144.83369562852502,147.0104373660888,143.50567717742842,147.00045776367188,155915500,0.0,0.0
2025-01-24,148.14872775799392,148.74783905952535,141.66841618539428,142.4073028564453,234657600,0.0,0.0
2025-01-27,124.6138830305536,128.20850504229963,116.52595684106743,118.24339294433594,818830900,0.0,0.0
2025-01-28,121.62833781559046,128.8076175411123,116.0766320864675,128.79763793945312,579666400,0.0,0.0
2025-01-29,126.31135328562937,126.70077107762197,119.8709750783515,123.5155258178711,467120600,0.0,0.0
2025-01-30,122.91641979157204,124.81358785050304,117.92387627755191,124.464111328125,392925500,0.0,0.0
2025-01-31,123.59540412169352,127.6593341751579,119.01225290264883,119.89093780517578,388161100,0.0,0.0
2025-02-03,114.57887527254843,118.39317826666118,112.84147223806173,116.48603057861328,371235700,0.0,0.0
2025-02-04,116.78557092036435,121.01924546805154,116.52595653802958,118.47305297851562,256550000,0.0,0.0
2025-02-05,121.57842315704723,124.8135892575584,120.57991444298676,124.64384460449219,262230800,0.0,0.0
2025-02-06,127.22999771870256,128.57799078053569,125.02329404175714,128.4881134033203,251483600,0.0,0.0
2025-02-07,129.02727661770408,130.17555536084487,124.81356929927793,129.64634704589844,228186300,0.0,0.0
2025-02-10,129.89598286165247,134.79866384787866,129.76618710141213,133.3708038330078,216989100,0.0,0.0
2025-02-11,132.38230132778313,134.27946199343057,130.8246300046561,132.6019744873047,178902400,0.0,0.0
2025-02-12,129.8261026458349,132.04279313100764,128.88750205027108,130.94442749023438,160278600,0.0,0.0
2025-02-13,131.36380821970238,136.29644386397356,130.9743904181038,135.08824157714844,197430000,0.0,0.0
2025-02-14,136.2764682668825,139.04234173663804,135.29793396994222,138.6429443359375,195479600,0.0,0.0
2025-02-18,141.05934526698334,143.2261075780513,137.72431422880837,139.19212341308594,219176600,0.0,0.0
2025-02-19,139.30195061666387,141.14919790373787,137.01537227663152,139.02236938476562,167536000,0.0,0.0
2025-02-20,139.8211794831435,140.45024487315197,136.5860056380014,139.90106201171875,143903600,0.0,0.0
2025-02-21,139.83114145453473,141.2490371129211,133.83011008980694,134.22950744628906,228217600,0.0,0.0
2025-02-24,136.35635785611953,138.38332947991822,129.88602516626045,130.08572387695312,251381100,0.0,0.0
2025-02-25,129.78615711570163,130.00583024952502,124.25442559786755,126.44115447998047,271428700,0.0,0.0
2025-02-26,129.79615892181477,133.53057192522448,128.29839578499454,131.084228515625,322553800,0.0,0.0
2025-02-27,134.7986782828192,134.80865788512716,119.83103458283094,119.9708251953125,443175800,0.0,0.0
2025-02-28,117.84399213493025,124.90344826210318,116.2264129341289,124.73370361328125,389091100,0.0,0.0
2025-03-03,123.32581202011416,123.51552349340123,112.11255593535711,113.88990020751953,411381400,0.0,0.0
2025-03-04,110.48499132597254,119.13207287466713,109.9457957033308,115.81702423095703,398163300,0.0,0.0
2025-03-05,117.40465751759531,118.10361057672029,114.3392360416895,117.12507629394531,284337900,0.0,0.0
2025-03-06,113.3606904001891,115.17797591196373,110.05562907278994,110.40510559082031,321181900,0.0,0.0
2025-03-07,111.0841023095759,113.31078025161912,107.3996024558792,112.52195739746094,341755500,0.0,0.0
2025-03-10,109.73610869113334,111.68319762733589,105.30272758345134,106.82046508789062,366487400,0.0,0.0
2025-03-11,106.83044416478043,112.0726148635708,104.6137536218378,108.59780883789062,354865700,0.0,0.0
2025-03-12,113.96030532134075,116.59661034457649,112.72203506897391,115.57803344726562,323857500,0.01,0.0
2025-03-13,116.86621875800482,117.59520049683546,113.63075517539951,115.41825103759766,299033100,0.0,0.0
2025-03-14,118.44401014075397,121.70943054003341,117.98465480860956,121.49972534179688,277593500,0.0,0.0
2025-03-17,122.56823120330081,122.71802281178023,117.86482345684047,119.36272430419922,255501500,0.0,0.0
2025-03-18,117.83486627342975,118.85343549406599,114.37970924440411,115.26846313476562,299686900,0.0,0.0
2025-03-19,117.10587965509883,120.2814296141779,115.51810848491796,117.35552978515625,273426200,0.0,0.0
2025-03-20,116.38688818380663,120.0317738155389,116.30699831746894,118.3641128540039,248829700,0.0,0.0
2025-03-21,116.77634740953133,117.82487338576216,115.25847035053427,117.5352783203125,266498500,0.0,0.0
2025-03-24,119.71223179694545,122.04896105750126,119.17298658297102,121.24009704589844,228452500,0.0,0.0
2025-03-25,120.38129943766901,121.12026171196634,118.75357566400419,120.52110290527344,167447200,0.0,0.0
2025-03-26,118.5638454632065,118.6736845133834,112.55226594608844,113.60079956054688,293463300,0.0,0.0
2025-03-27,111.19416561141583,114.28982567832341,110.50513643809545,111.27405548095703,236902100,0.0,0.0
2025-03-28,111.33397028810096,112.71204388720727,108.9173588485005,109.51651763916016,229872500,0.0,0.0
2025-03-31,104.98287310192077,110.80471613819729,103.50494855407659,108.22832489013672,299212700,0.0,0.0
2025-04-01,108.36813339033893,110.04578269736857,106.32100673854832,109.99585723876953,222614000,0.0,0.0
2025-04-02,107.1398479774266,111.82328673498283,106.64054773013802,110.26546478271484,220601200,0.0,0.0
2025-04-03,103.36514539947606,105.48217369637304,101.45781468579652,101.65753936767578,338769400,0.0,0.0
2025-04-04,98.7715853475697,99.98987163475934,91.98109847139008,94.17801666259766,532273800,0.0,0.0
2025-04-07,87.33759621246332,101.60759784636036,86.4987754744505,97.50334930419922,611041300,0.0,0.0
2025-04-08,103.6647139576977,105.70185986228381,94.3278009423825,96.16522979736328,476243400,0.0,0.0
2025-04-09,98.75161045127601,114.9389248904037,97.39351305704149,114.17000579833984,612918300,0.0,0.0
2025-04-10,109.21694044618194,110.70485307181585,99.01124202201945,107.4194564819336,437812400,0.0,0.0
2025-04-11,108.34816524857224,111.39390013023589,107.32959598741144,110.77476501464844,313417300,0.0,0.0
2025-04-14,113.95031245540225,114.13006086401796,108.91736463288024,110.55506896972656,264705000,0.0,0.0
2025-04-15,110.81470199440513,113.46099492172469,110.3453585264742,112.04297637939453,228966900,0.0,0.0
2025-04-16,104.40369410395131,106.64055727885454,100.30942561460589,104.3437728881836,397016900,0.0,0.0
2025-04-17,104.30382580885471,104.32380208660638,99.90998942448081,101.34796905517578,292517500,0.0,0.0
2025-04-21,98.63177356997639,99.3008417327631,94.90699776234818,96.77438354492188,288501100,0.0,0.0
2025-04-22,98.6417555090913,99.67031279819463,97.14385476914264,98.75160217285156,241004800,0.0,0.0
2025-04-23,104.37372584399631,104.6533403969428,101.87722447592722,102.5662612915039,247526000,0.0,0.0
2025-04-24,103.33517578708889,106.39089066307956,102.96569088547095,106.28104400634766,220815000,0.0,0.0
2025-04-25,106.70047033928225,111.76337496991529,105.58204256681438,110.85465240478516,251064700,0.0,0.0
2025-04-28,109.53649833991803,110.21554702841466,105.8716284785824,108.57784271240234,207708500,0.0,0.0
2025-04-29,107.51932238432487,110.04578062718967,107.2896485179105,108.867431640625,170444300,0.0,0.0
2025-04-30,104.32379376082015,108.76756286621094,103.93434018163836,108.76756286621094,235044600,0.0,0.0
2025-05-01,112.92174799120272,114.7791455573913,111.14424029465428,111.45380401611328,236121500,0.0,0.0
2025-05-02,114.02021557227994,115.23850951002053,113.21135153306962,114.33976745605469,190194800,0.0,0.0
2025-05-05,112.75199823422925,114.50952981770942,112.50234808238875,113.66072082519531,133163200,0.0,0.0
2025-05-06,111.32399638135878,114.57942879752297,110.66491633937942,113.38111114501953,158525600,0.0,0.0
2025-05-07,112.89179643623137,117.51531428959993,112.12286973799952,116.89617919921875,206758800,0.0,0.0
2025-05-08,118.08451525459601,118.51391379663416,115.68787240644632,117.20574951171875,198428100,0.0,0.0
2025-05-09,117.18577270674557,118.06454606438504,115.04876814493281,116.48675537109375,132972200,0.0,0.0
2025-05-12,121.79931583574867,122.82787322998047,120.11167839159091,122.82787322998047,225023300,0.0,0.0
2025-05-13,124.8051066300396,131.03637225526788,124.29581818961599,129.7481689453125,330430100,0.0,0.0
2025-05-14,133.01358451331882,135.25045513495294,131.49570747587302,135.1505889892578,281180800,0.0,0.0
2025-05-15,134.10207402259,136.10927107264604,132.47436533136158,134.64132690429688,226632600,0.0,0.0
2025-05-16,136.02937003025397,136.15919297953724,133.27323795943153,135.21051025390625,226542500,0.0,0.0
2025-05-19,132.20470706939753,135.6798322139183,132.20470706939753,135.38026428222656,193154600,0.0,0.0
2025-05-20,134.10205468200522,134.39165736048994,132.4343936724944,134.1919403076172,161514200,0.0,0.0
2025-05-21,132.87378601013486,137.2077087161811,130.40724144628157,131.6155548095703,270608700,0.0,0.0
2025-05-22,132.0449376190489,134.0621148614722,131.3658966044825,132.64410400390625,187344000,0.0,0.0
2025-05-23,129.81807417545411,132.49431639064062,128.97925335315108,131.10626220703125,198821300,0.0,0.0
2025-05-27,133.96224703921547,135.47014350181522,133.1234263008756,135.31036376953125,192953600,0.0,0.0
2025-05-28,135.83963178227697,137.05792567392893,134.60136161311598,134.621337890625,304021100,0.0,0.0
2025-05-29,142.0509238917618,143.28919402135628,137.71700129433316,138.99520874023438,369241900,0.0,0.0
2025-05-30,138.5258751739265,139.42460961066672,132.73398869983464,134.94090270996094,333170900,0.0,0.0
2025-06-02,135.30038976970178,137.9266987725352,135.21050414256473,137.187744140625,197663100,0.0,0.0
2025-06-03,138.58576663563605,141.80126124338923,137.7569264491721,141.02235412597656,225578800,0.0,0.0
2025-06-04,141.99101618842522,142.19073325311263,139.34471555965237,141.7213897705078,167120800,0.0,0.0
2025-06-05,141.97103980754113,143.79848066110154,138.63571759363617,139.79409790039062,231397900,0.0,0.0
2025-06-06,142.31053984611202,143.06948591448216,141.31193942977922,141.5216522216797,153986200,0.0,0.0
2025-06-09,142.98961854621228,144.7970831461155,141.74136782943543,142.43040466308594,185114500,0.0,0.0
2025-06-10,142.4903028059026,144.08805440763362,141.33192260937975,143.75852966308594,155881900,0.0,0.0
2025-06-11,144.41764573923192,144.79714515361243,141.6812848999734,142.6400146484375,167694000,0.01,0.0
2025-06-12,141.78116046611606,144.80712890625,141.6613249598906,144.80712890625,162365000,0.0,0.0
2025-06-13,142.29045926636147,143.38900206786707,140.6626379640278,141.78114318847656,180820600,0.0,0.0
2025-06-16,143.159329390418,145.98555166191812,143.00951976951112,144.49754333496094,183133700,0.0,0.0
2025-06-17,144.2978018718573,145.0268265438421,143.58873962374116,143.92828369140625,139108000,0.0,0.0
2025-06-18,143.81843788371728,145.4562558084884,142.92962233744194,145.28648376464844,161494100,0.0,0.0
2025-06-20,145.2565234707711,146.00552584195606,142.46024490398213,143.65866088867188,242956200,0.0,0.0
2025-06-23,142.31046402404658,144.58743022935184,141.84108794116847,143.97824096679688,154308900,0.0,0.0
2025-06-24,145.36636355778856,147.7631800544848,145.30644581210706,147.7032470703125,187566100,0.0,0.0
2025-06-25,149.0714619384952,154.24456476496755,149.06146548674553,154.10475158691406,269146500,0.0,0.0
2025-06-26,155.77251147358507,156.5115326130379,153.795149532093,154.8137969970703,198145700,0.0,0.0
2025-06-27,155.83245925466264,158.49892155015797,155.05349787794313,157.54019165039062,263234500,0.0,0.0
2025-06-30,158.1893045239527,158.4489684480595,155.7525627920192,157.7798614501953,194580300,0.0,0.0
2025-07-01,156.08211312403307,156.9909063970138,151.2885097592641,153.09609985351562,213143600,0.0,0.0
2025-07-02,152.77650803107835,157.39037305932783,152.7665268185242,157.04083251953125,171224100,0.0,0.0
2025-07-03,158.15934077500395,160.76586971787668,157.56014800239086,159.1280517578125,143716100,0.0,0.0
2025-07-07,157.98957042846925,159.09809459400483,157.1307137305003,158.02952575683594,140139000,0.0,0.0
2025-07-08,159.11807865757584,160.0068942683196,158.1793265036118,159.7871856689453,138133000,0.0,0.0
2025-07-09,161.0055497766517,164.2012901564699,160.9456320255445,162.66334533691406,183656400,0.0,0.0
2025-07-10,164.10143771292147,164.28119097215313,161.3950357038234,163.88172912597656,167704100,0.0,0.0
2025-07-11,163.50223698698784,167.66668863474402,163.25256951238498,164.7006378173828,193633300,0.0,0.0
2025-07-14,165.15003478890583,165.2698855378492,161.80449980139463,163.85177612304688,136975800,0.0,0.0
2025-07-15,170.96229989605533,172.17068192225182,168.97494134085255,170.4729461669922,230627400,0.0,0.0
2025-07-16,170.83247408910898,171.52155877211666,168.67534340451815,171.14205932617188,158831500,0.0,0.0
2025-07-17,171.79120519874627,173.92835823409905,170.60278554683865,172.7698974609375,160841100,0.0,0.0
2025-07-18,173.4090543863528,174.0182436825287,171.03221496217563,172.18069458007812,146456400,0.0,0.0
2025-07-21,172.52022673163836,173.1493936504508,170.77255439137573,171.1520538330078,123126100,0.0,0.0
2025-07-22,171.11211125862738,171.16204780548466,164.36110765827524,166.80784606933594,193114300,0.0,0.0
2025-07-23,169.30450383433347,171.03219846298632,167.74658125695927,170.55284118652344,154082200,0.0,0.0
2025-07-24,172.21063723590794,173.59878776513457,171.07215417768242,173.5089111328125,128984600,0.0,0.0
2025-07-25,173.37908037175941,174.4876045602178,172.72995103806022,173.26922607421875,122316800,0.0,0.0
2025-07-28,173.78852820706248,176.7645600358027,173.7385916678285,176.514892578125,140023500,0.0,0.0
2025-07-29,177.7233037615148,179.14141320408203,174.78721179005433,175.27655029296875,154077500,0.0,0.0
2025-07-30,176.27521653092245,179.65072563032518,175.80584046425426,179.03155517578125,174312200,0.0,0.0
2025-07-31,182.65671589592668,183.05619299307685,175.69598557745124,177.63340759277344,221685400,0.0,0.0
2025-08-01,173.85844036702034,176.3051785902702,170.66269971388826,173.4889373779297,204529000,0.0,0.0
2025-08-04,174.9270307365029,179.9603205403546,174.28788258302183,179.76058959960938,148174600,0.0,0.0
2025-08-05,179.38107983649965,180.0202279532499,175.6660266458598,178.02288818359375,156407600,0.0,0.0
2025-08-06,176.09546439011424,179.66070799076476,176.01556896990587,179.1813507080078,137192300,0.0,0.0
2025-08-07,181.32851054269395,183.6354356942093,178.5621905082108,180.52957153320312,151878400,0.0,0.0
2025-08-08,181.30853636067604,183.0562088106772,180.16005675043576,182.45700073242188,123396700,0.0,0.0
2025-08-11,181.80784410502207,183.59545638109407,180.01023537809715,181.8178253173828,138323200,0.0,0.0
2025-08-12,182.7166509044063,184.234618174838,179.22130626788388,182.9163818359375,145485700,0.0,0.0
2025-08-13,182.37709375214726,183.72530422356274,179.11145412417423,181.3484649658203,179871700,0.0,0.0
2025-08-14,179.5108931379294,182.77654758863486,179.22128560637054,181.7778778076172,129554000,0.0,0.0
2025-08-15,181.6380820439347,181.658044469753,177.8031781362909,180.20997619628906,156602200,0.0,0.0
2025-08-18,180.3597704757432,182.69665413107447,180.34977402519155,181.76788330078125,132008000,0.0,0.0
2025-08-19,182.1873336556069,182.25724785967336,175.25657768801665,175.4063720703125,185229200,0.0,0.0
2025-08-20,174.93699721113848,175.76589502196344,168.57547509149074,175.16668701171875,215142700,0.0,0.0
2025-08-21,174.61742144674352,176.66468235557974,173.57879631630271,174.7472381591797,140040900,0.0,0.0
2025-08-22,172.38041630972646,178.35245819257523,170.9722880586796,177.75326538085938,172789400,0.0,0.0
2025-08-25,178.11278178635797,181.6680441727565,176.33515059315872,179.57083129882812,163012800,0.0,0.0
2025-08-26,179.82049655621498,182.14739921043056,178.57215920342722,181.52822875976562,168688200,0.0,0.0
2025-08-27,181.7379436715125,182.24727507184866,178.86178472902657,181.35845947265625,235518900,0.0,0.0
2025-08-28,180.57950348224864,184.22464261974775,176.17536544772958,179.93035888671875,281787800,0.0,0.0
2025-08-29,177.87308356836775,177.91302365652732,172.91967451951007,173.94830322265625,243257900,0.0,0.0
2025-09-02,169.77387989783634,172.15071909272382,166.99757884564528,170.55284118652344,231164900,0.0,0.0
2025-09-03,170.83248363379096,172.18069419661035,168.65539040087648,170.39306640625,164424900,0.0,0.0
2025-09-04,170.34313981864827,171.6314173426514,169.18467902530818,171.4316864013672,141670100,0.0,0.0
2025-09-05,167.8065180303181,168.8051880252559,163.85179338392152,166.79786682128906,224441400,0.0,0.0
2025-09-08,167.32713700266137,170.73260486035574,167.12740607965867,168.08612060546875,163769100,0.0,0.0
2025-09-09,168.86507540993838,170.75256075129445,166.51821048710502,170.53285217285156,157548400,0.0,0.0
2025-09-10,176.4050468150653,179.05151589898875,175.2366048852674,177.09413146972656,226852000,0.0,0.0
2025-09-11,179.45113345293117,180.0503753259473,176.25521235533765,176.9443359375,151159300,0.01,0.0
2025-09-12,177.5435512454145,178.37249577533527,176.22522541777622,177.59349060058594,124911000,0.0,0.0
2025-09-15,175.44623766911022,178.62219505337407,174.28771156721004,177.52359008789062,147061600,0.0,0.0
2025-09-16,176.77453647764895,177.27389957504343,174.15787872389456,174.65724182128906,140737800,0.0,0.0
2025-09-17,172.42008695754546,172.97937117956877,168.1954794867923,170.0730743408203,211843800,0.0,0.0
2025-09-18,173.7583871307785,176.87442336525442,172.73969733735942,176.01551818847656,191763300,0.0,0.0
2025-09-19,175.54609885389235,177.8531538116004,174.95683884616588,176.4449462890625,237182100,0.0,0.0
2025-09-22,175.07670180251023,184.31491893588398,174.48745701577195,183.37611389160156,269637000,0.0,0.0
2025-09-23,181.73821238324945,182.18763613663097,175.9855548133895,178.2027130126953,192559600,0.0,0.0
2025-09-24,179.54100413716742,179.5509859124944,175.17656050171237,176.74456787109375,143564100,0.0,0.0
2025-09-25,174.2577508730865,180.03038734713982,172.90947958662534,177.4636688232422,191586700,0.0,0.0
2025-09-26,177.94304916264082,179.54101721374016,174.70717071687335,177.96302795410156,148573700,0.0,0.0
2025-09-29,180.20017297627672,183.7656330630971,180.09032771672483,181.61837768554688,193063500,0.0,0.0
2025-09-30,181.848063160254,187.11135435179565,181.2488213615314,186.3423309326172,236981000,0.0,0.0
2025-10-01,185.00404300205486,187.90034282726023,183.6657383394342,187.00149536132812,173844900,0.0,0.0
2025-10-02,189.35850113919957,190.80665113886596,187.82045419605362,188.64939880371094,136805800,0.0,0.0
2025-10-03,188.9490194719917,190.11752734214045,185.14387494216948,187.38101196289062,137596900,0.0,0.0
2025-10-06,185.2637075602064,186.9914995955013,183.09647356463947,185.30364990234375,157678100,0.0,0.0
2025-10-07,185.99277739696944,188.8191743935438,183.76562222076905,184.80429077148438,140088000,0.0,0.0
2025-10-08,186.33235229407293,189.35849142592937,186.30237648821537,188.86911010742188,130168900,0.0,0.0
2025-10-09,191.9851285494953,195.05122522476873,190.816620752273,192.32470703125,182997200,0.0,0.0
2025-10-10,193.26350393527704,195.37081685366852,181.81811007166195,182.92669677734375,268774400,0.0,0.0
2025-10-13,187.73056363822363,189.8678370807686,185.72312947730666,188.0801239013672,153482800,0.0,0.0
2025-10-14,184.53462639606815,184.5645869600227,179.47107773683655,179.8006591796875,205641400,0.0,0.0
2025-10-15,184.56460739230218,184.63451030281777,177.06416377208902,179.60093688964844,214450500,0.0,0.0
2025-10-16,181.99787810828644,183.0465437061986,179.5410200965125,181.5784149169922,179723300,0.0,0.0
2025-10-17,179.9504818191574,183.86550198639478,179.52103686227596,182.9866180419922,173135200,0.0,0.0
2025-10-20,182.89672994644732,184.96408521149223,181.4985041529273,182.4073486328125,128544700,0.0,0.0
2025-10-21,182.55714296878105,182.55714296878105,179.5709615871908,180.92922973632812,124240200,0.0,0.0
2025-10-22,180.9092591258601,183.20633238125785,176.53483359319367,180.05035400390625,162249600,0.0,0.0
2025-10-23,180.19017423035882,182.7968501503985,179.5609718650331,181.92796325683594,111363700,0.0,0.0
2025-10-24,183.60580497197222,187.23118563906056,183.26624175096782,186.02272033691406,131296700,0.0,0.0
2025-10-27,189.74798924630224,191.75542334831323,188.18996363054165,191.24607849121094,153452700,0.0,0.0
2025-10-28,192.80410966447576,202.89123585796654,191.66556232510956,200.77394104003906,297986200,0.0,0.0
2025-10-29,207.715080745974,211.9197249544373,204.51915980095313,206.77627563476562,308829600,0.0,0.0
2025-10-30,204.88867704045037,205.89740027142088,201.1534507471854,202.63156127929688,178864400,0.0,0.0
2025-10-31,206.18701808603035,207.70508615602077,201.81260775338424,202.23207092285156,179802200,0.0,0.0
2025-11-03,207.81493866642379,211.07078042213968,205.29814450690722,206.61647033691406,180267300,0.0,0.0
2025-11-04,202.7414122562426,203.71017785907821,197.67786326579136,198.43690490722656,188919300,0.0,0.0
2025-11-05,198.51681234435117,202.66152000582164,194.40205001057666,194.9613494873047,171350300,0.0,0.0
2025-11-06,196.169796348482,197.36826472822915,186.1425921093966,187.84042358398438,223029800,0.0,0.0
2025-11-07,184.66447901682176,188.08013622996737,178.68211848431696,187.91033935546875,264942300,0.0,0.0
2025-11-10,194.8614791513322,199.68532876518447,193.5431531870904,198.7964630126953,198897100,0.0,0.0
2025-11-11,194.91140808059743,195.17107140540628,191.05632435423007,192.91395568847656,176483300,0.0,0.0
2025-11-12,195.4706988945922,195.64048052491762,190.88654915774768,193.5531463623047,154935300,0.0,0.0
2025-11-13,190.80662838449902,191.1961309619508,183.61580336420005,186.62196350097656,207423100,0.0,0.0
2025-11-14,182.62706393415107,190.76667594021126,180.34996953708986,189.92774963378906,186591900,0.0,0.0
2025-11-17,185.73310233977776,188.75924133892028,184.08521029684528,186.3623046875,173628900,0.0,0.0
2025-11-18,183.14641371605563,184.5646030780414,179.42115405263684,181.1289825439453,213598900,0.0,0.0
2025-11-19,184.5546024199349,187.62069907956393,182.5971076589588,186.28240966796875,247246400,0.0,0.0
2025-11-20,195.70039225393623,195.7503316108911,179.62090987236718,180.40989685058594,343504800,0.0,0.0
2025-11-21,181.00913979899244,184.32490281868388,172.70971237567008,178.6521453857422,346926200,0.0,0.0
2025-11-24,179.2613745727385,183.26626122561635,176.25519889972114,182.31747436523438,256618300,0.0,0.0
2025-11-25,174.68719385821646,177.93305383278917,169.33402110596253,177.59349060058594,320600300,0.0,0.0
2025-11-26,181.3986455127995,182.67701383620675,178.01296428701193,180.03038024902344,183852000,0.0,0.0
2025-11-28,178.7819702942556,179.0616124091028,176.27517303639212,176.7745361328125,121332800,0.0,0.0
2025-12-01,174.53739527000454,180.07034727044882,173.45876908321011,179.69082641601562,188131000,0.0,0.0
2025-12-02,181.52845696763603,185.42349804109853,179.77070445469002,181.22885131835938,182632200,0.0,0.0
2025-12-03,180.8493441127912,182.21759414523953,178.88185225801445,179.36123657226562,165138000,0.0,0.0
2025-12-04,181.3987504426599,184.2952268834804,179.74078419330877,183.1566162109375,167364900,0.01,0.0
2025-12-05,183.66598269849337,184.43504894381925,180.6896172324408,182.1877899169922,143971100,0.0,0.0
2025-12-08,182.41751577930148,187.7709870845105,182.17780264974235,185.323974609375,204378100,0.0,0.0
2025-12-09,185.33395229946427,185.4937610485011,183.09669077375298,184.7446746826172,144719700,0.0,0.0
2025-12-10,184.74467463147755,185.2540478736652,181.8182359713298,183.55612182617188,162785400,0.0,0.0
2025-12-11,180.060377409269,181.09911899111663,176.40483245042134,180.70957946777344,182136600,0.0,0.0
2025-12-12,180.88937065842447,182.59729422559735,174.40727135263347,174.80679321289062,204274900,0.0,0.0
2025-12-15,177.7232402429772,178.20265125135413,174.8167814768023,176.0752410888672,164775600,0.0,0.0
2025-12-16,176.0452813318811,178.27257580423,174.68693742218818,177.50350952148438,148588100,0.0,0.0
2025-12-17,175.88548356566727,175.91544580087532,170.10252832729947,170.7317657470703,222775500,0.0,0.0
2025-12-18,174.3173807251694,175.93540231223645,171.6106906687844,173.9278564453125,176096000,0.0,0.0
2025-12-19,176.45477147838753,181.2289470656948,176.12517166919682,180.76951599121094,324925900,0.0,0.0
2025-12-22,183.6959478478248,183.935660967629,182.1278683380167,183.4662322998047,129064400,0.0,0.0
2025-12-23,182.7471036477755,189.099356383118,182.67718160782493,188.97950744628906,174873600,0.0,0.0
2025-12-24,187.71105179508496,188.67987134928,186.36269028434322,188.38023376464844,65528500,0.0,0.0
2025-12-26,189.68863982420257,192.45526970950266,187.7709805748158,190.2978973388672,139740300,0.0,0.0
2025-12-29,187.4813341773615,188.53004285167208,185.68352392965699,187.99070739746094,120006100,0.0,0.0
2025-12-30,188.01069817319677,188.75978454971104,186.70228116711607,187.31153869628906,97687300,0.0,0.0
2025-12-31,189.33907943283364,190.32786369396138,186.26282955778902,186.27281188964844,120100500,0.0,0.0
2026-01-02,189.60873357074172,192.69496568024334,188.03065649528438,188.6199493408203,148240500,0.0,0.0
2026-01-05,191.52640398377517,193.39413642527967,185.9232371396652,187.89083862304688,183529700,0.0,0.0
2026-01-06,190.2879203285983,191.935904267691,186.5924305704924,187.0119171142578,176862600,0.0,0.0
2026-01-07,188.34028795646717,191.13686475404677,186.3327268208183,188.87962341308594,153543200,0.0,0.0
2026-01-08,188.87963997886857,189.31910643994627,183.48622397884648,184.81459045410156,172457000,0.0,0.0
2026-01-09,184.8545293482555,186.1129888751533,183.44624341374129,184.63479614257812,131327500,0.0,0.0
2026-01-12,182.99680052530172,186.89204340473577,182.79704721562317,184.71470642089844,137968500,0.0,0.0
2026-01-13,184.7746378408776,187.88084992986475,183.17658082293008,185.58364868164062,160128900,0.0,0.0
2026-01-14,184.0954557419801,184.23528457453645,180.57973978602013,182.91688537597656,159586100,0.0,0.0
2026-01-15,186.27281050248445,189.46890929684608,186.103019420931,186.8221435546875,206188600,0.0,0.0
2026-01-16,188.84966224271636,190.20800608356458,185.85331687968656,186.0031280517578,187967200,0.0,0.0
2026-01-20,181.67839380225757,182.1578200140757,177.39362681050815,177.8530731201172,223345300,0.0,0.0
2026-01-21,178.8318922054109,185.15418310637224,178.18267486272933,183.09669494628906,200381000,0.0,0.0
2026-01-22,184.52493568425237,185.94320399708803,183.70592730123704,184.6148223876953,139636600,0.0,0.0
2026-01-23,187.27158465782284,189.3690325020707,186.59242035942677,187.44137573242188,142748100,0.0,0.0
2026-01-26,186.93200550896393,188.88960930416175,185.76343263076708,186.2428436279297,124799600,0.0,0.0
2026-01-27,187.01190478720812,189.76853699604698,185.47377232125424,188.29034423828125,143711600,0.0,0.0
2026-01-28,191.03700193406064,192.1156881225865,189.60873601436586,191.2866973876953,148552700,0.0,0.0
2026-01-29,191.10690928022157,193.244301759811,185.83334250366076,192.27548217773438,171764400,0.0,0.0
2026-01-30,190.97707539362895,194.25307849059112,189.23918956869622,190.8971710205078,179489500,0.0,0.0
2026-02-02,186.97195532434574,190.0681850900544,184.6547894061738,185.38389587402344,165794100,0.0,0.0
2026-02-03,186.01312186532803,186.04308409913696,176.01530661894333,180.12030029296875,204019600,0.0,0.0
2026-02-04,179.24138264216026,179.36123157735668,171.70057725198066,173.97779846191406,207014100,0.0,0.0
2026-02-05,174.71688060291817,176.604592702014,170.82163795446576,171.6706085205078,206312900,0.0,0.0
2026-02-06,176.47474973392875,186.77218713146127,174.3872995354016,185.1841278076172,231346200,0.0,0.0
2026-02-09,184.03552934237337,193.42408742490235,183.7259094221984,189.80848693847656,196387400,0.0,0.0
2026-02-10,191.1468699498802,192.24552080983682,187.89083145679504,188.31031799316406,136764800,0.0,0.0
2026-02-11,192.2155516352278,193.0245624433192,188.54004197866425,189.8184814453125,144192700,0.0,0.0
2026-02-12,192.79485804306626,193.3741533411549,186.28279615580217,186.7122802734375,189932500,0.0,0.0
2026-02-13,187.25162028422807,187.27160018883805,181.36879569323744,182.58731079101562,161888000,0.0,0.0
2026-02-17,181.5285959992061,186.92201173748992,178.9617194034806,184.7446746826172,162276900,0.0,0.0
2026-02-18,188.52005804720127,190.13807962880853,186.53247684939709,187.75099182128906,164749100,0.0,0.0
2026-02-19,186.8321237354349,188.20044994409497,185.43383529156333,187.6710968017578,126554500,0.0,0.0
2026-02-20,186.342734664171,190.09814888521723,185.71349722992974,189.58877563476562,178422300,0.0,0.0
2026-02-23,191.16683922839312,193.71373598373438,189.3490641935772,191.31666564941406,171584800,0.0,0.0
2026-02-24,191.2567378902843,193.53395924081437,187.171708627792,192.61508178710938,175123600,0.0,0.0
2026-02-25,194.2131137016724,197.38924768090467,193.5539140704845,195.32176208496094,250637100,0.0,0.0
2026-02-26,194.03334246429932,194.0533071271398,184.09546670933034,184.66476440429688,360807900,0.0,0.0
2026-02-27,181.0292033274304,182.36756729714082,176.1651407824763,176.97415161132812,311636500,0.0,0.0
2026-03-02,174.79680413295333,183.2365228635074,174.42725972943845,182.25770568847656,209095300,0.0,0.0
2026-03-03,178.27256086028186,180.67961330625172,176.70446619030554,179.83065795898438,178099400,0.0,0.0
2026-03-04,180.22019302825058,184.47499807110998,179.84065106191534,182.8170166015625,177731200,0.0,0.0
2026-03-05,180.94929874286032,183.83577756501342,177.6633132926684,183.1166534423828,198779700,0.0,0.0
2026-03-06,179.6209064601764,182.5373473445644,176.60459654479845,177.60337829589844,189021900,0.0,0.0
2026-03-09,176.61458806542097,182.68718325690133,175.34613090826778,182.427490234375,177213600,0.0,0.0
2026-03-10,182.17779858894656,186.21288569214076,181.7882742872215,184.544921875,179118500,0.0,0.0
2026-03-11,185.6935753620157,187.40157611978597,184.23526832414757,185.8134307861328,145280400,0.01,0.0
2026-03-12,183.83574790315467,184.72471123223085,181.53842231669145,182.9268035888672,155762700,0.0,0.0
2026-03-13,184.70472270189353,185.87335881208497,179.73052445930352,180.0401611328125,160988400,0.0,0.0
2026-03-16,182.7570048934839,188.66012868968363,181.19882333613754,183.0067138671875,217307400,0.0,0.0
2026-03-17,184.8445618023411,185.1841623368753,181.4684917186082,181.71820068359375,182497800,0.0,0.0
2026-03-18,182.26756764801692,183.16652908726184,180.12007659614625,180.1899871826172,156683100,0.0,0.0
2026-03-19,177.80276430906588,179.77047215436778,175.5853475010711,178.3521270751953,170968500,0.0,0.0
2026-03-20,177.79278016290237,178.05247199547227,171.52009228430225,172.4989471435547,241323500,0.0,0.0
2026-03-23,177.0536408486584,178.16234927411983,174.55655117338722,175.43553161621094,182836300,0.0,0.0
2026-03-24,174.6264683383626,176.01484951930743,173.777451794472,174.99603271484375,147667800,0.0,0.0
2026-03-25,176.89383761026875,181.00903649280792,176.64412864426953,178.47198486328125,162602100,0.0,0.0
2026-03-26,175.86504388946904,176.30451888215924,170.9407749866337,171.04066467285156,186152200,0.0,0.0
2026-03-27,169.80209026823204,170.77096223786808,166.81556566439232,167.32498168945312,196212700,0.0,0.0
2026-03-30,168.58352034150624,169.25273855906806,164.07877596313077,164.97772216796875,185627000,0.0,0.0
